{"cameraMode":{"drawMode":0,"name":"Shaded","section":"Shading Mode"},"sceneLighting":false,"audioPlay":false,"sceneViewState":{"showFog":true,"showMaterialUpdate":false,"showSkybox":false,"showFlares":true,"showImageEffects":true,"showParticleSystems":true},"in2DMode":false,"pivot":{"x":0.31712988018989565,"y":1.520395278930664,"z":-18.269935607910158},"rotation":{"x":0.005700800567865372,"y":-0.7878146171569824,"z":-0.008104554377496243,"w":-0.616197943687439},"size":0.4537174105644226,"orthographic":false}